CREATE TABLE Csapatok 
( 
    csapat_id INT PRIMARY KEY, 
    csapat_nev VARCHAR(50), 
    kerulet INT
); 

INSERT INTO Csapatok (csapat_id, csapat_nev, kerulet) VALUES  
    (1, 'Fradi', 9), 
    (2, 'UTE', 4), 
    (3, 'MTK', 14), 
    (4, 'Honvéd', 19),
    (5, 'Vasas', 13), 
    (6, 'Puskás Akadémia', 2);
    
CREATE TABLE Jatekosok 
( 
    jatekos_id INT PRIMARY KEY, 
    jatekos_nev VARCHAR(50), 
    csapat_id INT, 
    FOREIGN KEY (csapat_id) REFERENCES Csapatok(csapat_id) 
); 

INSERT INTO Jatekosok (jatekos_id, jatekos_nev, csapat_id) VALUES  
    (1, 'Gergely Hutvágner', 1), 
    (2, 'Bálint Varga', 1),  
    (3, 'Levente Pázmándy', 1), 
    (4, 'Patrik Pintér', 1), 
    (5, 'Dániel Szűcs', 1),
    (6, 'János Kovács', 1),
    (7, 'Péter Nagy', 1),
    (8, 'István Tóth', 1),
    (9, 'Zoltán Kovács', 1),
    (10, 'Károly Farkas', 1),
    (11, 'Attila Varga', 1),
    (12, 'Gábor Nagy', 2), 
    (13, 'Bence Fülöp', 2), 
    (14, 'Marcell Fodor', 2), 
    (15, 'Áron Nagy', 2), 
    (16, 'Levente Balogh', 2),
    (17, 'István Szabó', 2),
    (18, 'Ferenc Kiss', 2),
    (19, 'Pál Kovács', 2),
    (20, 'András Balogh', 2),
    (21, 'Zsolt Tóth', 2),
    (22, 'Márk Kiss', 3), 
    (23, 'Dávid Tóth', 3), 
    (24, 'Krisztián Horváth', 3), 
    (25, 'Levente Kovács', 3), 
    (26, 'Bence Molnár', 3),
    (27, 'Ferenc Török', 3),
    (28, 'Zsolt Nagy', 3),
    (29, 'László Varga', 3),
    (30, 'Barnabás Balogh', 3),
    (31, 'Máté Szabó', 3),
    (32, 'Ádám Szabó', 4), 
    (33, 'Bence Kiss', 4), 
    (34, 'Máté Kovács', 4), 
    (35, 'Levente Török', 4), 
    (36, 'Dániel Fekete', 4),
    (37, 'Péter Farkas', 4),
    (38, 'István Kovács', 4),
    (39, 'Zoltán Kiss', 4),
    (40, 'János Molnár', 4),
    (41, 'László Szabó', 4),
    (42, 'Péter Szabó', 5), 
    (43, 'Ferenc Nagy', 5), 
    (44, 'István Kovács', 5), 
    (45, 'Zoltán Tóth', 5), 
    (46, 'Tamás Horváth', 5),
    (47, 'László Balogh', 5),
    (48, 'József Fekete', 5),
    (49, 'András Kiss', 5),
    (50, 'Barna Szabó', 5),
    (51, 'Péter Varga', 5),
    (52, 'János Kádár', 6), 
    (53, 'Zsolt Molnár', 6), 
    (54, 'László Tóth', 6), 
    (55, 'István Nagy', 6), 
    (56, 'Attila Kovács', 6),
    (57, 'András Szabó', 6),
    (58, 'Ferenc Tóth', 6),
    (59, 'Zoltán Kovács', 6),
    (60, 'Béla Kiss', 6),
    (61, 'György Horváth', 6);
    
CREATE TABLE Meccsek 
( 
    meccs_id INT PRIMARY KEY, 
    meccs_datum DATE, 
    hazai_csapat_id INT, 
    vendeg_csapat_id INT, 
    hazai_csapat_pont INT, 
    vendeg_csapat_pont INT, 
    FOREIGN KEY (hazai_csapat_id) REFERENCES Csapatok (csapat_id), 
    FOREIGN KEY (vendeg_csapat_id) REFERENCES Csapatok (csapat_id) 
); 

INSERT INTO Meccsek (meccs_id, meccs_datum, hazai_csapat_id, vendeg_csapat_id, hazai_csapat_pont, vendeg_csapat_pont) VALUES  
    (1, '2024-04-01', 1, 2, 2, 1), 
    (2, '2024-04-05', 3, 4, 0, 3), 
    (3, '2024-04-10', 2, 3, 2, 2), 
    (4, '2024-04-15', 4, 1, 1, 1), 
    (5, '2024-04-20', 1, 3, 2, 0), 
    (6, '2024-04-25', 2, 4, 1, 2), 
    (7, '2024-04-30', 3, 1, 1, 0),
    (8, '2024-05-01', 1, 4, 2, 0), 
    (9, '2024-05-05', 2, 1, 1, 1), 
    (10, '2024-05-10', 3, 2, 0, 2), 
    (11, '2024-05-15', 4, 3, 2, 1), 
    (12, '2024-05-20', 1, 2, 3, 0), 
    (13, '2024-05-25', 3, 4, 1, 1), 
    (14, '2024-05-30', 4, 1, 0, 2),
    (15, '2024-06-01', 2, 3, 2, 1),
    (16, '2024-06-05', 1, 3, 1, 0),
    (17, '2024-06-10', 2, 4, 0, 1),
    (18, '2024-06-15', 3, 1, 2, 2),
    (19, '2024-06-20', 4, 2, 1, 1),
    (20, '2024-06-25', 1, 4, 2, 0),
    (21, '2024-06-30', 3, 2, 3, 1),
    (22, '2024-07-01', 2, 1, 0, 2),
    (23, '2024-07-05', 4, 3, 1, 1),
    (24, '2024-07-10', 1, 2, 2, 1),
    (25, '2024-07-15', 2, 3, 1, 0),
    (26, '2024-07-20', 3, 1, 0, 2),
    (27, '2024-07-25', 4, 2, 2, 1),
    (28, '2024-07-30', 1, 3, 1, 1),
    (29, '2024-08-01', 3, 4, 0, 2),
    (30, '2024-08-05', 2, 4, 2, 0),
    (31, '2024-08-10', 1, 2, 1, 1),
    (32, '2024-08-15', 4, 1, 0, 3),
    (33, '2024-08-20', 3, 2, 2, 2),
    (34, '2024-08-25', 2, 1, 1, 0),
    (35, '2024-08-30', 1, 4, 2, 1);
    
CREATE TABLE Stadionok 
( 
    stadion_id INT PRIMARY KEY, 
    stadion_nev VARCHAR(100), 
    ferohely INT, 
    varos VARCHAR(50),
  	csapat_id INT, 
  	FOREIGN key (csapat_id) references Csapatok (csapat_id)
); 

INSERT INTO Stadionok (stadion_id, stadion_nev, ferohely, varos, csapat_id) VALUES  
    (1, 'Ferencváros Stadion', 23500, 'Budapest', 1), 
    (2, 'Újpest Stadion', 18000, 'Budapest', 2), 
    (3, 'MTK Stadion', 22000, 'Budapest', 3), 
    (4, 'Honvéd Stadion', 20000, 'Budapest', 4),
    (5, 'Vasas Stadion', 15000, 'Budapest', 5),
    (6, 'Pancho Aréna', 3250, 'Felcsút', 6);
    
CREATE TABLE Statisztikak 
( 
    stat_id INT PRIMARY KEY, 
    meccs_id INT, 
    jatekos_id INT, 
    golok INT, 
    passzok INT, 
    sarga_lapok INT, 
    piros_lapok INT, 
    FOREIGN KEY (meccs_id) REFERENCES Meccsek(meccs_id), 
    FOREIGN KEY (jatekos_id) REFERENCES Jatekosok(jatekos_id) 
); 

INSERT INTO Statisztikak (stat_id, meccs_id, jatekos_id, golok, passzok, sarga_lapok, piros_lapok) VALUES  
    (1, 1, 5, 1, 0, 0, 0), 
    (2, 1, 9, 1, 0, 0, 0), 
    (3, 2, 13, 0, 0, 1, 0), 
    (4, 2, 17, 0, 0, 0, 0), 
    (5, 3, 6, 1, 1, 0, 0), 
    (6, 3, 10, 1, 0, 0, 0), 
    (7, 4, 18, 1, 0, 0, 0), 
    (8, 4, 3, 0, 1, 1, 0), 
    (9, 5, 12, 2, 0, 0, 0), 
    (10, 5, 7, 0, 1, 1, 0), 
    (11, 6, 15, 0, 0, 0, 0), 
    (12, 6, 2, 1, 0, 0, 0), 
    (13, 7, 8, 1, 0, 0, 0), 
    (14, 7, 14, 0, 0, 0, 0),
    (15, 8, 20, 0, 0, 1, 0), 
    (16, 8, 21, 1, 0, 0, 0),
    (17, 9, 22, 0, 0, 0, 1), 
    (18, 9, 23, 0, 0, 0, 0),
    (19, 10, 24, 0, 1, 0, 0), 
    (20, 10, 25, 0, 0, 0, 1),
    (21, 11, 26, 0, 0, 1, 0), 
    (22, 11, 27, 0, 0, 0, 0),
    (23, 12, 28, 0, 0, 0, 1), 
    (24, 12, 29, 0, 0, 0, 0),
    (25, 13, 30, 0, 0, 1, 0), 
    (26, 13, 31, 0, 0, 0, 1),
    (27, 14, 32, 0, 0, 1, 0), 
    (28, 14, 33, 0, 0, 0, 0),
    (29, 15, 34, 0, 0, 0, 1), 
    (30, 15, 35, 0, 0, 0, 0),
    (31, 16, 36, 0, 0, 1, 0), 
    (32, 16, 37, 0, 0, 0, 1),
    (33, 17, 38, 0, 0, 0, 0), 
    (34, 17, 39, 0, 0, 1, 0),
    (35, 18, 40, 0, 0, 0, 1), 
    (36, 18, 41, 0, 0, 0, 0),
    (37, 19, 42, 0, 0, 1, 0), 
    (38, 19, 43, 0, 0, 0, 1),
    (39, 20, 44, 0, 0, 0, 0), 
    (40, 20, 45, 0, 0, 1, 0),
    (41, 21, 46, 0, 0, 0, 1), 
    (42, 21, 47, 0, 0, 0, 0),
    (43, 22, 48, 0, 0, 1, 0), 
    (44, 22, 49, 0, 0, 0, 1),
    (45, 23, 50, 0, 0, 0, 0), 
    (46, 23, 51, 0, 0, 1, 0),
    (47, 24, 52, 0, 0, 0, 1), 
    (48, 24, 53, 0, 0, 0, 0),
    (49, 25, 54, 0, 0, 1, 0), 
    (50, 25, 55, 0, 0, 0, 1),
    (51, 26, 56, 0, 0, 0, 0), 
    (52, 26, 57, 0, 0, 1, 0),
    (53, 27, 58, 0, 0, 0, 1), 
    (54, 27, 59, 0, 0, 0, 0),
    (55, 28, 60, 0, 0, 1, 0), 
    (56, 28, 61, 0, 0, 0, 1);